	place	lon	lat
0	-------55城66--------	37.939602	-86.76087299999999
1	上野城	34.770164	136.12711
2	白鳳城	34.770164	136.12711
3	伊賀野城	 	 
4	龜山城	35.0135672	135.5811997
5	桑名城	35.0652585	136.6991068
6	田丸城	 	 
7	玉丸城	 	 
8	津城	34.7177027	136.5085091
9	安濃津城	34.7177027	136.5085091
10	鳥羽城	34.48085349999999	136.8447269
11	長島城	35.0923633	136.6983731
12	松坂城	34.5760573	136.5255706
13	松ヶ島城	 	 
14	赤木城	33.8950909	135.9523261
15	五ヶ所城	34.3491706	136.6988807
16	霧山城	34.5234731	136.2895136
17	神戶城	34.839449	134.6939047
18	名張城	34.615899	136.101211
19	丸山城	35.4075199	139.3195924
20	福地氏城	 	 
21	長島城	35.0923633	136.6983731
22	鬼ヶ城	33.89043729999999	136.1161605
23	彥根城	35.276452	136.251846
24	安土城	35.1559192	136.1394056
25	大津城	35.0120567	135.8642902
26	小谷城	35.459359	136.2770762
27	觀音寺城	35.1458413	136.1576772
28	坂本城	35.0599434	135.8769988
29	佐和山城	35.2794967	136.2689258
30	膳所城	34.9953308	135.8949594
31	長濱城	35.377623	136.261234
32	水口城	34.970125	136.165581
33	碧水城	34.970125	136.165581
34	橫山城	 	 
35	鎌刃城	35.29703	136.3153864
36	上平寺城	 	 
37	東野山城	 	 
38	山本山城	 	 
39	山崎山城	35.2253214	136.2042817
40	八幡山城	35.1413257	136.0888716
41	壺笠山城	 	 
42	宇佐山城	35.0335359	135.846311
43	日野城	 	 
44	箕作城	 	 
45	清水山城	34.2088813	129.2838439
46	大溝城	35.2924542	136.0129232
47	三雲城	34.9823318	136.0955488
48	朽木谷城	 	 
49	河瀨城	 	 
50	肥田城	35.2002602	136.2068197
51	鯰江城	35.1078557	136.2449718
52	龜山城	35.0135672	135.5811997
53	龜岡城	35.0131524	135.6067005
54	勝龍寺城	34.9181082	135.7006906
55	建部山城	 	 
56	田邊城	35.4461776	135.3301241
57	舞鶴城	35.664502	138.5714344
58	二條城	35.0142299	135.748218
59	二條御所	35.0142299	135.748218
60	福知山城	35.296875	135.12966
61	伏見城	34.9394641	135.7768161
62	桃山城	34.9394641	135.7768161
63	槙島城	 	 
64	宮津城	35.5356827	135.1961641
65	淀城	34.90482009999999	135.7171395
66	園部城	35.1047829	135.4704863
67	寶寺城	34.66793699999999	137.2677087
68	天王山城	34.901873	135.6763072
69	福知山城	35.296875	135.12966
70	大坂城	34.6873153	135.5262013
71	錦城	30.237402	119.721892
72	岡山城	34.66519	133.936058
73	枚方城	34.8105284	135.6597287
74	雨山、土丸城	34.3679998	135.3657744
75	交野城	34.7899646	135.6802562
76	岸和田城	34.458799	135.3707535
77	高槻城	34.8438166	135.6289419
78	野田城	34.8821069	137.4683221
79	田原城	34.6739474	137.2695404
80	飯盛山城	34.7278972	135.6529479
81	上赤坂城	34.4480567	135.6308507
82	下赤坂城	34.4591393	135.6192664
83	平石城	34.497036	135.6502945
84	芥川城	34.8809467	135.5883144
85	高屋城	 	 
86	千早城	34.4169867	135.6514368
87	野田城	34.8821069	137.4683221
88	若江城	34.6546596	135.6038068
89	淡輪城	34.3315228	135.1785923
90	高安城	34.6152646	135.6608708
91	池田城	34.8267965	135.4279488
92	畠中城	 	 
93	明石城	34.6528009	134.9917886
94	赤穗城	34.745674	134.388985
95	尼崎城	34.714193	135.418937
96	有子山城	35.4554364	134.8781306
97	出石城	35.4663614	134.8722142
98	伊丹城	34.7814537	135.4208451
99	有岡城	 	 
100	岩尾城	 	 
101	置鹽城	33.998816	119.822326
102	淡河城	34.8125387	135.0966051
103	大島城	35.5766438	137.915859
104	加古川城	34.7688096	134.8302625
105	神吉城	 	 
106	感狀山城	 	 
107	黑井城	 	 
108	上月城	34.9753738	134.3223429
109	光明寺城	 	 
110	越水城	34.7456612	135.3368989
111	御著城	34.8181711	134.7419855
112	此隅山城	 	 
113	篠山城	35.0728223	135.2182518
114	白旗城	34.908531	134.3799501
115	洲本城	34.3376994	134.9028717
116	善防山城	34.8785186	134.8311996
117	竹田城	35.3006044	134.8291681
118	龍野城	34.8686978	134.5448597
119	茶臼山城	34.9241672	134.092369
120	中道子山城	 	 
121	利神城	35.0464763	134.3772323
122	豐岡城	 	 
123	花隈城	34.6881358	135.1830068
124	姬路城	34.839449	134.6939047
125	白鷺城	34.839449	134.6939047
126	船下城	 	 
127	滿久城	 	 
128	三木城	34.799872	134.987864
129	釜山城	35.100801	129.01983
130	三田城	34.8868993	135.221186
131	車瀨城	 	 
132	妙見山城	 	 
133	八上城	35.0614878	135.2561869
134	八木城	35.0612291	135.5238904
135	宵田城	 	 
136	樂樂前城	31.7807568	119.9615588
137	奈良縣[編輯]	 	 
138	郡山城	34.6513206	135.7793751
139	高取城	34.429444	135.826822
140	柳生城	34.731648	135.953971
141	五條二見城	34.346204	135.684472
142	信貴山城	34.6126802	135.6687209
143	龍王山城	34.565449	135.8692825
144	宇陀松山城	34.476815	135.933916
145	多聞山城	 	 
146	筒井城	34.6216189	135.7831971
147	和歌山城	34.227617	135.171464
148	新宮城	38.4545004	141.0015302
149	太田城	36.5464452	140.5198474
150	雜賀城	 	 
151	田邊城	35.4461776	135.3301241
152	鳥屋城	34.063852	135.254901
153	平須賀城	 	 
154	龍松山城	33.8455768	132.7655346
155	手取城	33.9026062	135.229208
156	龜山城	35.0135672	135.5811997
157	安宅城	 	 
158	長藪城	34.3578028	135.6149417
159	錢坂城	 	 
160	--------55寺66-------	 	 
161	初馬寺	34.7324745	136.5119086
162	專修寺	34.51930979999999	135.4978697
163	青蓮寺	23.4908237	121.3906566
164	金剛證寺	34.4574779	136.7854224
165	三井寺	35.0133609	135.8528507
166	寶嚴寺	35.4215005	136.1432003
167	百濟寺	35.12688929999999	136.2887266
168	長命寺	35.162737	136.0639489
169	金剛輪寺	35.16123890000001	136.2830541
170	延曆寺	35.0704634	135.8411275
171	園城寺	35.0133609	135.8528507
172	石山寺	34.960875	135.9074343
173	永源寺	35.0806028	136.3196
174	天龍寺	35.0158275	135.673771
175	龍安寺	35.0344943	135.7182634
176	了德寺	35.6384433	139.9262091
177	三十三間堂	34.9878845	135.7717126
178	鹿苑寺	35.03937	135.7292431
179	善峰寺	34.9381198	135.6444644
180	壬生寺	35.001639	135.743325
181	妙心寺	35.0231676	135.7201863
182	妙法院	34.9902985	135.7753273
183	松尾寺	34.6340841	135.728111
184	曼殊院	35.048905	135.802942
185	萬福寺	34.9143064	135.8060418
186	本願寺	35.6664743	139.7723221
187	西本願寺	43.061889	141.327248
188	東本願寺	34.9910052	135.7584791
189	本能寺	35.0102837	135.7683044
190	法然院	35.023985	135.797415
191	方廣寺	34.9921289	135.7720117
192	寶嚴院	35.014788	135.673706
193	法金剛院	35.0191374	135.7159476
194	法住寺	34.9874657	135.7726655
195	佛光寺	38.870333	113.393924
196	法界寺	34.9341551	135.8149132
197	法觀寺	34.9985543	135.7792257
198	平等院	34.8892908	135.8076783
199	成相寺	35.595586	135.187433
200	南禪寺	35.01137870000001	135.7937641
201	仁和寺	35.03109370000001	135.7138198
202	東福寺	34.9765117	135.7742327
203	東寺	34.9811177	135.7475964
204	等持院	35.0315558	135.7234521
205	頂法寺	35.007653	135.760252
206	知恩院	35.0054141	135.7823785
207	智積院	34.9873696	135.7764261
208	大報恩寺	35.0318879	135.7397698
209	大德寺	35.043891	135.74603
210	醍醐寺	34.951024	135.819563
211	大覺寺	40.054459	116.117119
212	禪林寺	35.0142949	135.795399
213	泉涌寺	34.97804	135.7803417
214	清涼寺	35.023498	135.674289
215	隨心院	34.9592762	135.8164132
216	淨瑠璃寺	34.7159375	135.8729239
217	神護寺	35.055025	135.670867
218	青蓮院	35.007312	135.783161
219	相國寺	35.0322212	135.7617219
220	清淨華院	35.0253223	135.7683594
221	實相院	35.0790346	135.781519
222	寂光院	35.1241	135.821045
223	三室戶寺	34.9004788	135.8191935
224	三十三間堂	34.9878845	135.7717126
225	三千院	35.1197018	135.834335
226	六波羅蜜寺	34.9971067	135.7733534
227	西芳寺	34.9919643	135.6833094
228	廣隆寺	35.0155	135.7072898
229	金戒光明寺	35.019655	135.788019
230	高台寺	35.000768	135.781112
231	鞍馬寺	35.1179804	135.770981
232	建仁寺	35.0007297	135.773822
233	光悅寺	35.053412	135.730312
234	高山寺	35.06011910000001	135.6785729
235	興正寺	35.139276	136.962977
236	教王護國寺	34.9811177	135.7475964
237	行願寺	35.0161957	135.7676674
238	清水寺	34.9948561	135.7850463
239	海住山寺	34.776872	135.861795
240	勸修寺	34.9616896	135.8074142
241	穴太寺	35.006628	135.549222
242	廬山寺	35.0246213	135.7682785
243	林昌寺	35.291446	137.064968
244	野中寺	34.5593176	135.5919801
245	葛井寺	34.570194	135.596566
246	南宗寺	34.5690176	135.4685491
247	道明寺	34.5669784	135.6139525
248	長慶寺	34.3665557	135.2865127
249	太融寺	34.701823	135.5041044
250	大聖觀音寺	 	 
251	大聖勝軍寺	34.613576	135.588029
252	大念佛寺	34.627254	135.550501
253	施福寺	34.392891	135.511536
254	四天王寺	34.6533466	135.516491
255	西琳寺	34.553169	135.613225
256	孝恩寺	34.3971199	135.394552
257	觀心寺	34.4373481	135.5985896
258	勝尾寺	34.865862	135.491041
259	西江寺	34.8372747	135.4700679
260	叡福寺	34.5182587	135.6391572
261	本興寺	34.7173634	135.4144253
262	斑鳩寺	34.837071	134.575446
263	中山寺	34.8216966	135.3677172
264	如意寺	35.6099575	134.8893638
265	能福寺	34.667999	135.171394
266	朝光寺	34.932473	135.043869
267	大龍寺	35.737736	139.754619
268	太山寺	34.6963321	135.0672497
269	須磨寺	34.6497464	135.1117864
270	淨土寺	34.8641635	134.9610983
271	清荒神清澄寺	34.822151	135.352589
272	清水寺	34.9948561	135.7850463
273	神呪寺	34.773131	135.329784
274	伽耶院	34.8055653	135.0588377
275	鶴林寺	34.7522857	134.832586
276	溫泉寺	35.505532	138.7601202
277	圓教寺	34.8911316	134.6581391
278	一乘寺	35.044128	135.787383
279	大安寺	34.66801400000001	135.812717
280	靈山寺	34.1594187	134.5029696
281	藥師寺	34.6686468	135.7845667
282	室生寺	34.5365849	136.0395546
283	南法華寺	34.426419	135.8098837
284	寶山寺	34.6845233	135.686659
285	法隆寺	34.6140766	135.7356826
286	法輪寺	35.010249	135.676984
287	法華寺	22.984046	120.20964
288	法起寺	34.6229907	135.7462211
289	不退寺	34.694794	135.812521
290	長谷寺	35.3124645	139.5330634
291	唐招提寺	34.675561	135.7848334
292	東大寺	34.6889851	135.8398158
293	中宮寺	34.614967	135.739576
294	當麻寺	34.5160956	135.6946375
295	橘寺	34.470103	135.817489
296	新藥師寺	34.675866	135.846177
297	西大寺	34.6936143	135.7794983
298	興福寺	34.682883	135.8322271
299	元興寺	34.677799	135.831298
300	岡寺	34.471814	135.828321
301	龍蓋寺	34.471814	135.828321
302	帶解寺	34.643174	135.826144
303	秋篠寺	34.703237	135.775674
304	飛鳥寺	34.478858	135.820216
305	大峰山寺	34.2529788	135.9413884
306	大峯山龍泉寺	34.2691957	135.8789371
307	補陀洛山寺	33.6447321	135.9344337
308	根來寺	34.287158	135.316658
309	道成寺	33.9144986	135.1745503
310	長保寺	34.1091128	135.165655
311	善福院	34.130582	135.177243
312	青岸渡寺	33.6691474	135.8898487
313	淨妙寺	35.322769	139.571366
314	金剛三昧院	34.2102137	135.5869752
315	金剛峰寺	34.214149	135.584109
316	粉河寺	34.2809428	135.4059363
317	紀三井寺	34.185173	135.190027
318	-------55神社66------	 	 
319	伊勢神宮	34.45501	136.725793
320	內宮別宮：荒祭宮	34.4561229	136.7251378
321	月讀宮	34.4732445	136.7289814
322	月讀荒御魂宮	34.47331500000001	136.7290445
323	伊佐奈岐宮	34.4733211	136.7288065
324	伊佐奈彌宮	34.4732509	136.7287038
325	瀧原宮	34.3660446	136.4258865
326	多賀宮	34.4854298	136.7039621
327	土宮	34.4857415	136.7033154
328	月夜見宮	34.4929505	136.7058162
329	風宮	34.4858656	136.7040643
330	天満宮	36.0858608	139.717119
331	天神社	35.7030733	139.8206484
332	菅原神社	35.5591188	139.4472786
333	春日神社	35.004967	135.729669
334	結城神社	34.697722	136.515203
335	水屋神社	34.4344127	136.3156552
336	椿大神社	34.9643812	136.4516835
337	多度大社	35.1345576	136.6240758
338	高倉神社	33.8467697	130.6007645
339	猿田彥神社	34.4669514	136.7205067
340	北畠神社	34.518569	136.2988526
341	敢國神社	34.787378	136.163941
342	御上神社	35.0499979	136.0273692
343	竹生島神社	35.4207208	136.1440997
344	日吉大社	35.0729128	135.8650648
345	長等神社	35.0097411	135.8556298
346	建部大社	34.973499	135.9135046
347	多賀神社	35.2254413	136.2911128
348	近江神宮	35.0321427	135.8523624
349	宇治上神社	34.892068	135.811439
350	吉田神社	35.025377	135.784731
351	六孫王神社	34.9846399	135.7449685
352	離宮八幡宮	34.891813	135.6795043
353	八坂神社	35.0036559	135.7785534
354	元伊勢籠神社	35.58278370000001	135.1967015
355	三宅八幡宮	35.0683587	135.7941006
356	松尾神社	34.999936	135.6849558
357	松尾大社	34.999936	135.6849558
358	豊國神社	34.991561	135.772476
359	平野神社	35.0326171	135.7319847
360	石清水八幡宮	34.879676	135.700049
361	離宮八幡宮	34.891813	135.6795043
362	長岡天満宮	34.92264	135.686925
363	梨木神社	35.0243241	135.7674736
364	北野天満宮	35.0314012	135.7351215
365	建勲神社	35.0386807	135.7431835
366	晴明神社	35.0277531	135.7513867
367	白峰神宮	35.0302457	135.7531439
368	城南宮	34.951083	135.746509
369	志磨神社	34.240222	135.180893
370	籠神社	35.58278370000001	135.1967015
371	護王神社	35.022194	135.758999
372	御香宮神社	34.93445800000001	135.76749
373	貴船神社	35.12164070000001	135.7629062
374	北野天満宮	35.0314012	135.7351215
375	祇園社	35.0036559	135.7785534
376	賀茂神社	35.0592809	135.7525297
377	賀茂別雷神社	35.0592809	135.7525297
378	賀茂御祖神社	35.0387488	135.7729868
379	春日神社	35.004967	135.729669
380	大原野神社	34.9603627	135.6562456
381	吉田神社	35.025377	135.784731
382	梅宮大社	35.0041416	135.6949055
383	石清水八幡宮	34.879676	135.700049
384	伏見稲荷大社	34.9671402	135.7726717
385	出雲大神宮	35.05912259999999	135.5783058
386	愛宕神社	35.6647566	139.7484781
387	旦椋神社	34.8725175	135.7749045
388	大嶋坐天照御魂神社	35.0148573	135.7135313
389	日根神社	34.3737119	135.3436143
390	開口神社	34.576881	135.474607
391	飛鳥戸神社	34.535325	135.638724
392	阿部野神社	34.62839	135.499556
393	水無瀬神宮	34.88511099999999	135.672935
394	方違神社	34.576906	135.4893228
395	星田神社	34.7653101	135.6721458
396	星田妙見宮	34.7594608	135.6785927
397	船待神社	34.568912	135.4650514
398	舊府神社	34.506559	135.4422312
399	枚岡神社	34.6699515	135.6506858
400	聖神社	36.049997	139.102505
401	壺井八幡宮	34.5308329	135.6259215
402	百舌鳥八幡宮	34.5542311	135.4946999
403	豊國神社	34.991561	135.772476
404	等乃木神社	34.521128	135.456529
405	大阪天満宮	34.6960608	135.5126167
406	綱敷天神社	34.703565	135.505103
407	道明寺天満宮	34.5692999	135.6176142
408	露天神社	34.699304	135.500829
409	多治速比売神社	34.502147	135.497922
410	高須神社	34.590533	135.485259
411	高石神社	34.526946	135.431971
412	住吉大社	34.6127972	135.4929406
413	助松神社	34.5158759	135.4235749
414	信太森葛葉稲荷神社	34.5093377	135.4386503
415	四條畷神社	34.7324644	135.649182
416	呉服神社	34.822916	135.422125
417	百済王神社	34.81538030000001	135.6602935
418	日部神社	34.520898	135.4656698
419	岸城神社	34.4589666	135.3726813
420	方違神社	34.576906	135.4893228
421	枚岡神社	34.6699515	135.6506858
422	大鳥大社	34.5366519	135.4594115
423	大津神社	34.5698144	135.5828019
424	石津太神社	34.55684360000001	135.4535142
425	今宮戎神社	34.6553476	135.5024773
426	瓢簞山稲荷神社	34.660752	135.642031
427	出雲大社大阪分祠	34.538294	135.521661
428	泉穴師神社	34.4965305	135.4197772
429	泉井上神社	34.48707090000001	135.4276459
430	石切剣箭神社	34.6821892	135.646285
431	石津神社	34.5544	135.462258
432	坐摩神社	34.68094	135.49859
433	生國魂神社	34.6651194	135.5128572
434	海神社	34.6289824	135.0543217
435	賣布神社	35.46653	133.058815
436	寶塚神社	34.794296	135.35114
437	湊川神社	34.6814653	135.175607
438	松原八幡神社	34.785514	134.70619
439	廣田神社	34.75249760000001	135.3405726
440	東天神社	34.782445	135.397928
441	西天神社	34.779549	135.3918543
442	西宮神社	34.7357274	135.3345779
443	長田神社	34.6714215	135.146871
444	多田神社	34.861243	135.4027124
445	宗佐厄神八幡神社	34.784348	134.923697
446	住吉神社	33.5859211	130.4136737
447	生石神社	34.782533	134.795182
448	伊和都比売神社	34.7274263	134.4081723
449	伊和神社	35.0875599	134.5864722
450	豬名野神社	34.7844783	135.4154568
451	射楯兵主神社	34.8340723	134.6966226
452	魚吹八幡神社	34.7965891	134.5904465
453	出石神社	35.4819468	134.8702865
454	伊弉諾神宮	34.4600042	134.8524728
455	生田神社	34.694832	135.190692
456	岡田神社	33.8615621	130.7673159
457	鏡作神社	34.56155	135.79409
458	竜穴神社	34.5346893	136.0470228
459	吉水神社	34.3672776	135.8619503
460	吉野水分神社	34.3539457	135.8731654
461	吉野神宮	34.3848659	135.8454431
462	玉置神社	33.92486239999999	135.8305476
463	夜支布山口神社	34.70293460000001	135.9293956
464	六県神社	34.888457	135.805945
465	辯才天信仰、宗像三神	 	 
466	天河神社	34.2233415	135.8416676
467	広瀬大社	34.5915596	135.7484113
468	檜原神社	34.5287774	135.8530015
469	氷室神社	34.687703	135.155893
470	兵主神社	35.1152975	136.0101103
471	一言主神社	36.012224	139.927148
472	脳天大神	34.3679443	135.8552099
473	丹生川上神社	34.3902608	135.9864416
474	談山神社	34.4658783	135.8612923
475	手向山八幡宮	34.6879442	135.844644
476	龍田大社	34.5930885	135.6873115
477	高天彥神社	34.4180605	135.6959513
478	高鴨神社	34.408214	135.707614
479	狹井神社	34.5309756	135.8540371
480	源九郎稲荷神社	34.64556	135.7855735
481	金峰神社	34.3425952	135.8818235
482	漢國神社	34.68354	135.8254373
483	勝手神社	34.3646916	135.8625238
484	橿原神宮	34.4883529	135.7869721
485	鏡作神社	34.56155	135.79409
486	柿本神社	34.6500118	135.0018033
487	大和神社	34.5710501	135.8376256
488	大神神社	34.5287774	135.8530015
489	采女神社	34.681892	135.8302065
490	石床神社	34.621892	135.6945182
491	石上神宮	34.598039	135.851938
492	往馬神社	34.6783416	135.7036503
493	率川神社	34.6812828	135.8257332
494	天乃岩立神社	34.7271016	135.9591758
495	飛鳥坐神社	34.479735	135.8227354
496	十二神社	34.8300484	134.6862694
497	藤白神社	34.144981	135.208992
498	日前神宮	34.2289913	135.2028029
499	丹生官省符神社	34.29431	135.549427
500	丹生都比売神社	34.2627276	135.5220127
501	熊野神社	37.8647478	140.5546804
502	熊野速玉大社	33.7317956	135.9836435
503	熊野本宮大社	33.8405324	135.7736192
504	熊野那智大社	33.6688052	135.8898601
505	國懸神社	34.2289913	135.2028029
506	竈山神社	34.201004	135.204498
507	伊太祁曽神社	34.2016912	135.2499196
508	-----55東南66-----	 	 
509	心齋橋	34.6750572	135.5003772
510	道頓堀	34.6687235	135.5012953
511	美國村	26.316402	127.7572981
512	歐洲村商店地下街	 	 
513	梅田空中庭園	34.7052509	135.4903263
514	環球影城	34.13811680000001	-118.3533783
515	哲學之道	35.0214836	135.7942056
516	祇園	34.4394563	132.4632895
517	花見小路	35.0051147	135.7751847
518	白川堤岸	 	 
519	嵐山	35.009449	135.666773
520	渡月橋	35.0128798	135.6777583
521	野宮神社	35.0177597	135.6742103
522	竹林步道	25.1321675	121.5417571
523	清水寺	34.9948561	135.7850463
524	地主神社	34.9952134	135.7850146
525	二寧坂	34.998122	135.7808431
526	產寧坂商店古街	34.9963353	135.7808581
527	伏見稻荷神社	34.9671402	135.7726717
528	奈良公園	34.685047	135.843012
529	東大寺	34.6889851	135.8398158
530	夙川公園	34.7355598	135.3289578
531	大阪造幣局	34.6959158	135.5217337
532	神戶港	34.68263	135.1866995
533	摩賽克廣場	34.6802841	135.1842695
534	關西空港	34.4320024	135.2303939
535	二条城	35.0142299	135.748218
536	高台寺	35.000768	135.781112
537	圓山公園	25.0707535	121.5204805
538	大阪城公園	34.6823301	135.5306297
539	醍醐寺	34.951024	135.819563
540	仁和寺	35.03109370000001	135.7138198
541	玩具博物館	25.0239835	121.4518351
542	有馬溫泉	34.8	135.25
543	太閣橋	24.1438268	121.6440753
544	林溪寺	22.5095953	120.3983793
545	善福寺	35.653565	139.732826
546	櫻之星光大道	 	 
547	三寶院	34.95229	135.819298
548	御堂筋	34.683598	135.5007813
549	平安神宮	35.0159823	135.7824263
550	平安神宮神苑	35.0159823	135.7824263
551	保津川峽谷	34.8833333	135.6833333
552	嵐山駅	35.0152307	135.6777439
553	龜岡駅	35.0166895	135.5824658
554	金閣寺	35.03937	135.7292431
555	北野異人館	34.6988804	135.1892972
556	萌黃館	34.7009691	135.1892665
557	琵琶湖	35.3456394	136.1709012
558	雄琴溫泉	35.097791	135.895289
559	MIHO美秀美術館	34.914866	136.016165
560	宇治平等院	34.8892908	135.8076783
561	鳳翔館	34.8886992	135.8073951
562	MIHO美術館	34.914866	136.016165
563	春日大社	34.6813804	135.8483856
564	伏見稻荷神社	34.9671402	135.7726717
565	明石大橋	34.6174683	135.0216751
566	舞子海上玻璃步道	34.630729	135.032968
567	阿倍野HARUKAS	34.6457738	135.5142432
568	河原町不夜城	35.003751	135.7687486
569	西陣織會館	35.028764	135.751674
570	娃娃街	 	 
571	河原町	35.003751	135.7687486
572	布引香草花園	34.710075	135.19378
573	香草花園	22.9222633	120.4956242
574	京都車站	34.985849	135.7587667
575	南波車站	 	 
576	新大阪車站	34.7331654	135.5002144
577	梅田車站	34.703945	135.4976704
578	伏見稻荷車站	34.9667789	135.7708337
579	格子之家	34.675011	135.830736
580	天橋立	35.5698022	135.1918204
581	姬路城	34.839449	134.6939047
582	美山町	35.9991749	136.3610293
583	美山町北村	35.3110178	135.6218781
584	茅葺之里	35.3130509	135.625164
585	美山合掌村	36.2560756	136.9061796
586	丹後天橋立大江山國立公園	35.5671538	135.1898732
587	智恩寺	35.5587127	135.1838895
588	海遊館	34.6545182	135.4289645
589	六甲山人工滑雪場	34.767938	135.2425658
590	彥根城	35.276452	136.251846
591	夢京橋衛城道	 	 
592	井伊直政銅像	 	 
593	玄宮園	35.27789000000001	136.2539424
594	近江八幡	35.1283386	136.0979067
595	信樂車站	34.877209	136.061337
596	信樂町	34.877209	136.061337
597	信樂陶藝村	34.877209	136.061337
598	草津宿本陣	35.017786	135.960255
599	白雲館	35.1394537	136.0910172
600	日牟禮八幡宮	35.1410454	136.0896327
601	琵琶湖山谷	35.3456394	136.1709012
602	比叡山	35.0689027	135.8303282
603	延曆寺	35.0704634	135.8411275
604	浮御堂	35.1098513	135.9215934
605	白髭神社	35.2745234	136.0110466
606	太郎坊	35.11813	136.182437
607	阿賀神社	35.11813	136.182437
608	海津大崎	35.4496526	136.0876132
609	永源寺	35.0806028	136.3196
610	琵琶湖博物館	35.074246	135.935022
611	安土城跡	35.1559192	136.1394056
612	三井寺	35.0133609	135.8528507
613	園城寺	35.0133609	135.8528507
614	石山寺	34.960875	135.9074343
615	日吉大社	35.0729128	135.8650648
616	黑壁SQUARE	35.38065479999999	136.2670688
617	竹生島	35.42319579999999	136.1440677
618	八幡堀	35.1397044	136.0899624
619	甲賀之里	34.9197	136.207457
620	金剛輪寺	35.16123890000001	136.2830541
621	西明寺	34.771251	136.1460843
622	百濟寺	35.12688929999999	136.2887266
623	長命寺	35.162737	136.0639489
624	琵琶3湖大津館	35.02676150000001	135.8676948
625	第一渚公園	35.126764	135.9504404
626	雞足寺	27.989688	114.814183
627	高野山	34.2166667	135.5833333
628	伊都郡高野町	34.2160686	135.5865362
629	奥之院	32.9636487	130.5295173
630	和歌山城	34.227617	135.171464
631	熊野古道	34.4631109	136.5653975
632	熊野三山	33.7317956	135.9836435
633	金剛峯寺	34.214149	135.584109
634	海釣公園	34.1513699	135.1808923
635	加太瀬戶内海國立公園	 	 
636	深山要塞	34.2963469	135.0719562
637	白濱御苑	33.6883285	135.3541913
638	白良濱海岸	 	 
639	圓月島	33.6900738	135.3364399
640	潮岬	33.4479784	135.7614191
641	橋杭岩	33.4882874	135.7957568
642	大門坂	33.6712451	135.8974725
643	熊野那智大社	33.6688052	135.8898601
644	熊野速玉大社	33.7317956	135.9836435
645	神倉神社	33.7222073	135.9827806
646	熊野本宮大社	33.8405324	135.7736192
647	大齋原	33.8405324	135.7736192
648	那智大瀑布	33.6753307	135.8876181
649	壺湯	33.8293221	135.7577832
650	淡嶋神社	34.2736806	135.066521
651	丹生都比賣神社	34.2627276	135.5220127
652	瀞峽	33.9128386	135.8972695
653	奇絶峽	33.7814354	135.4125864
654	井出商店	34.2284871	135.1894929
655	龍神溫泉	33.956321	135.5621148
656	勝浦溫泉	33.628121	135.941836
657	白濱溫泉	33.6759926	135.33736
658	三段壁洞窟	33.6654688	135.3352209
659	歐羅巴港	 	 
660	和歌山游艇城	34.1536622	135.1758928
661	黑潮市場	34.1536622	135.1758928
662	紀三井寺	34.185173	135.190027
663	田邊溫泉	33.8405324	135.7736192
664	串本海中公園	33.4808274	135.7448937
665	雜賀崎	34.1882212	135.1409305
666	奥和歌浦	 	 
667	和歌浦天滿宮	34.191615	135.164237
668	千疊敷	40.767741	140.054979
669	戶津井鍾乳洞	 	 
670	紀之松島	38.3555556	141.0763889
671	和歌山縣立近代美術館	34.225095	135.171242
672	ぶらくり丁	26.2634686	92.58172719999999
673	紀州東照宮	34.1926349	135.1656786
674	伊勢神宮内宮	34.4551602	136.7251873
675	伊勢神宮外宮	34.4863836	136.7047831
676	上野城	34.770164	136.12711
677	伊賀流忍者博物館	34.7717255	136.1291159
678	芭蕉翁記念館	34.7698951	136.1296853
679	津城	34.7177027	136.5085091
680	松阪城跡	34.5760573	136.5255706
681	本居宣長舊宅	 	 
682	本居宣長記念館	34.575043	136.525324
683	松阪城	34.5760573	136.5255706
684	御城番屋敷	34.5745323	136.5269929
685	桑名宗社	35.065463	136.694635
686	熊野古道伊勢路	33.8940019	136.1071812
687	椿大神社	34.9643812	136.4516835
688	齋宮歷史博物館	34.5428489	136.6096279
689	鬼ヶ城	33.89043729999999	136.1161605
690	竹田城跡	35.3006044	134.8291681
691	姬路城	34.839449	134.6939047
692	有馬溫泉	34.8	135.25
693	三津森本舖	34.797891	135.24741
694	白鶴造酒館	34.7101866	135.2616533
695	須磨寺	34.6497464	135.1117864
696	相樂園	34.6925792	135.1817718
697	生田神社	34.694832	135.190692
698	北野町廣場	34.7012296	135.189697
699	北野天滿宮	35.0314012	135.7351215
700	神戶塔	34.68263	135.1866995
701	須磨浦公園	34.6385252	135.1023496
702	好古園	34.8379444	134.6897542
703	鶴林寺	34.7522857	134.832586
704	明石城	34.6528009	134.9917886
705	明石公園	34.6538557	134.9939901
706	明石魚之棚	34.647184	134.992332
707	移情閣	34.630154	135.034399
708	若松公園	34.6555831	135.1439515
709	鐵人28號	 	 
710	新嘗甜商店街	 	 
711	三國誌花園	 	 
712	中宮寺	34.614967	135.739576
713	金剛寺	34.4286309	135.5292749
714	般若寺	34.7000905	135.8361683
715	長谷寺	35.3124645	139.5330634
716	春日大社	34.6813804	135.8483856
717	室生寺	34.5365849	136.0395546
718	石光寺	34.523289	135.695229
719	談山神社	34.4658783	135.8612923
720	當麻寺	34.5160956	135.6946375
721	壺阪寺	34.426419	135.8098837
722	矢田寺	34.6495602	135.7365167
723	瀧谷花菖蒲園	34.5664918	136.0401803
724	平城宮跡	34.6907101	135.7942811
725	東大寺	34.6889851	135.8398158
726	興福寺	34.682883	135.8322271
727	唐招提寺	34.675561	135.7848334
728	春日大社	34.6813804	135.8483856
729	藥師寺	34.6686468	135.7845667
730	元興寺	34.677799	135.831298
731	春日山原始林	34.6862549	135.8727157
732	奈良公園	34.685047	135.843012
733	東向商店街	34.6834052	135.8287521
734	彩華拉麵本店	34.5954883	135.81151
735	奈良健康樂園	34.5921514	135.796261
736	生駒山上遊樂園	34.6791879	135.6791784
737	真秀場大佛布丁本舖	34.6843514	135.8393749
738	依水園	34.6857015	135.8376667
739	萬葉植物園	34.6822718	135.8445826
740	二月堂	34.689279	135.84428
741	奈良縣立美術館	34.6858874	135.832613
742	奈良國立博物館	34.6836091	135.8366504
743	膚山元窯	 	 
744	猿澤池	34.6814297	135.831088
745	正倉院	34.6918398	135.8385791
746	奈良市綜合觀光案內所	 	 
747	舊JR奈良車站	34.6810497	135.8193753
748	浮御堂	35.1098513	135.9215934
749	白毫寺	35.196077	135.093809
750	法隆寺	34.6140766	135.7356826
751	中宮寺	34.614967	135.739576
752	法起寺	34.6229907	135.7462211
753	石舞台古墳	34.4668011	135.82613
754	飛鳥寺	34.478858	135.820216
755	高松塚古墳	34.4623258	135.8061718
756	奈良縣廳空中廣場	 	 
757	舊柳生藩家老屋敷	34.732417	135.950301
758	舊柳生藩家	34.732417	135.950301
759	葛城山	34.455205	135.6828678
760	橿原神宮	34.4883529	135.7869721
761	金峯山寺	34.3683744	135.858839
762	長谷寺	35.3124645	139.5330634
763	大神神社	34.5287774	135.8530015
764	安倍文殊院	34.503722	135.841794
765	中谷堂	34.6819414	135.8289186
766	若草山	34.6905984	135.8540178
767	法隆寺	34.6140766	135.7356826
768	京都高島屋	35.003152	135.768211
769	大丸京都店	35.29359470000001	135.2800329
770	FUJI DAIMARU	35.0033077	135.7666001
771	京都丸井	35.0034844	135.7697363
772	河原町OPA	35.0044873	135.7689669
773	寺町新京極商店街	35.005787	135.767249
774	嵐山	35.009449	135.666773
775	高雄神護寺	35.055025	135.670867
776	車折神社	35.0160726	135.6889478
777	直指庵	35.0335211	135.6770875
778	圓光寺	35.045091	135.797065
779	高台寺	35.000768	135.781112
780	紅葉苑	38.3592209	140.3882045
781	龍安寺	35.0344943	135.7182634
782	建仁寺	35.0007297	135.773822
783	東福寺	34.9765117	135.7742327
784	苔寺	34.9919643	135.6833094
785	西芳寺	34.9919643	135.6833094
786	天龍寺	35.0158275	135.673771
787	曼殊院門跡	35.048905	135.802942
788	東寺	34.9811177	135.7475964
789	仁和寺	35.03109370000001	135.7138198
790	下鴨神社	35.0387488	135.7729868
791	野宮神社	35.0177597	135.6742103
792	貴船神社	35.12164070000001	135.7629062
793	安井金比羅宮	34.9999499	135.7758335
794	美御前社	35.0037375	135.7790466
795	若宮八幡宮	35.1633432	136.9034042
796	御髪神社	35.0176637	135.6697821
797	河合神社	35.0347787	135.7719345
798	御金神社	35.0118244	135.7550064
799	豐國神社	34.991561	135.772476
800	白峯神宮	35.0302457	135.7531439
801	華嚴寺	40.092023	113.2968492
802	京都大原三千院	35.1197018	135.834335
803	妙心寺	35.0231676	135.7201863
804	退藏院	35.021865	135.719222
805	法金剛院	35.0191374	135.7159476
806	松尾大社	34.999936	135.6849558
807	梅宮大社	35.0041416	135.6949055
808	晴明神社	35.0277531	135.7513867
809	音羽瀑布	34.99443	135.785261
810	八坂庚申堂	34.9982932	135.7787313
811	頂法寺六角堂	35.007653	135.760252
812	由岐神社	35.116247	135.7715
813	地主神社	34.9952134	135.7850146
814	石清水八幡宮	34.879676	135.700049
815	松尾寺	34.6340841	135.728111
816	成相寺	35.595586	135.187433
817	元伊勢籠神社	35.58278370000001	135.1967015
818	宇治上神社	34.892068	135.811439
819	御金神社	35.0118244	135.7550064
820	白峯神宮	35.0302457	135.7531439
821	車折神社	35.0160726	135.6889478
822	市比賣神社	34.99392210000001	135.7646607
823	南禪寺水路閣	35.0105848	135.7938542
824	青蓮院	35.007312	135.783161
825	法然院	35.023985	135.797415
826	星巴克 京都三條大橋店	35.0092197	135.7711964
827	長樂館	35.002999	135.7805
828	石塀小路	34.9999354	135.7797946
829	伊右衛門茶館	35.0084078	135.7589475
830	錦市場	35.0045	135.7646764
831	吉田山上的茶屋	35.026333	135.787099
832	京都國際漫畫博物館	35.0119392	135.7592744
833	先斗町 魯賓	35.0075666	135.7713041
834	竹林之道	35.0177597	135.6742103
835	鞍馬寺	35.1179804	135.770981
836	鳩居堂香枝	 	 
837	祗園巽橋	35.0055632	135.7744937
838	祇園甲部歌舞練場	35.0014632	135.7758397
839	京都四條 南座	35.003486	135.772336
840	円山公園	35.0038803	135.7809168
841	美濃吉總店	 	 
842	相國寺	35.0322212	135.7617219
843	京都大學	35.0262444	135.7808218
844	靈山歷史館	34.998988	135.782617
845	阿闍梨餅本舗	35.0300913	135.7780658
846	一澤信三郎帆布	35.0076293	135.7777482
847	天空庵	34.999874	135.779766
848	嘉祥窯	34.997982	135.780956
849	東映太秦映畫村	35.0168027	135.7086237
850	知恩院	35.0054141	135.7823785
851	八坂神社	35.0036559	135.7785534
852	青蓮院	35.007312	135.783161
853	平安神宮	35.0159823	135.7824263
854	南禅寺	35.01137870000001	135.7937641
855	銀閣寺	35.0270213	135.7982058
856	永観堂	35.0142949	135.795399
857	三千院	35.1197018	135.834335
858	神護寺	35.055025	135.670867
859	詩仙堂	35.0437249	135.7961294
860	賀茂別雷神社	35.0592809	135.7525297
861	広隆寺	35.0155	135.7072898
862	廣隆寺	35.0155	135.7072898
863	法輪寺	35.010249	135.676984
864	二尊院	35.0218165	135.6695189
865	化野念仏寺	35.026772	135.664512
866	西本願寺	43.061889	141.327248
867	東本願寺	34.9910052	135.7584791
868	涉成園	34.9914077	135.7632369
869	京都塔	34.987563	135.7593435
870	先抖町通	 	 
871	京都御所	35.0254135	135.7621246
872	蓮華院	32.9326886	130.5354444
873	三十三間堂	34.9878845	135.7717126
874	金地院	35.010284	135.790388
875	水路閣	35.0105848	135.7938542
876	金戒光明寺	35.019655	135.788019
877	靈山觀音	 	 
878	八坂之塔	34.9985543	135.7792257
879	八坂塔	34.9985543	135.7792257
880	知恩院	35.0054141	135.7823785
881	青蓮院	35.007312	135.783161
882	安樂寺	33.041075	119.61813
883	法然院	35.023985	135.797415
884	靈鑑寺	35.02068	135.796316
885	源氏物語博物館	34.8938082	135.8103411
886	泉湧寺	34.97804	135.7803417
887	等持院	35.0315558	135.7234521
888	常寂光寺	35.019648	135.668673
889	西涼寺	35.556116	138.910789
890	高山寺	35.06011910000001	135.6785729
891	上賀茂神社	35.0592809	135.7525297
892	曼殊院	35.048905	135.802942
893	園光寺	35.045091	135.797065
894	詩仙堂	35.0437249	135.7961294
895	八大神社	35.043711	135.796738
896	大阪生活今昔館	34.710356	135.5116374
897	天神橋筋商店街	34.710555	135.511243
898	天滿宮	35.0314012	135.7351215
899	天滿天神繁昌亭	34.696529	135.5125272
900	中之島公園	34.6924363	135.5078665
901	梅田空中大樓	34.7094536	135.4879658
902	Hep Five摩天輪	34.7040619	135.5002961
903	櫻宮公園	34.704882	135.520613
904	浪速海洋時空館	34.6399609	135.4046006
905	天保山	34.6580298	135.4326491
906	大阪府咲洲行政大樓展望台	34.6382413	135.4149112
907	四天王寺	34.6533466	135.516491
908	大阪城天守閣	34.6873153	135.5262013
909	大阪城公園	34.6823301	135.5306297
910	心齋橋商店街	34.6711172	135.5013491
911	法善寺橫丁	34.6678767	135.502613
912	法善寺	34.596112	135.6272613
913	Spa World世界大溫泉	34.6498049	135.5057593
914	天王寺動物園	34.65072680000001	135.5076958
915	ジャンジャン横丁	34.649541	135.506051
916	通天閣	34.6524992	135.5063058
917	臨空Outlet	34.406681	135.294965
918	阿部野HARUKAS	34.6457738	135.5142432
919	箕面	34.8269301	135.4704626
920	勝尾寺	34.865862	135.491041
921	大威德寺	34.3712202	135.4487173
922	犬鳴山	34.3416125	135.3750199
923	金剛山	38.4856974	128.0201249
924	大仙公園	34.5595064	135.4795344
925	難波豪華花月	34.6649869	135.5036556
926	萬博紀念公園	34.808246	135.5323947
927	阪急百貨梅田本店	34.7026762	135.4985911
928	阪急男館	34.7032324	135.499891
929	LUCUA	34.7028884	135.4955467
930	hepfive	34.7040619	135.5002961
931	Grand Front大阪	34.7041131	135.4948306
932	Yodobashi 梅田	34.7040581	135.496155
933	BREEZÉ BREEZÉ	34.6986861	135.4939992
934	國立國際美術館	34.691763	135.4919418
935	阿倍野HARUKAS美術館	34.6459345	135.5135766
936	大阪市立美術館	34.6500639	135.5104717
937	大阪市立科學館	34.691216	135.491468
938	大阪市立自然史博物館	34.6102826	135.5216404
939	大阪市立東洋陶瓷美術館	34.69346	135.505409
940	山王美術館	34.6666563	135.4961444
941	堀越神社	34.6514898	135.5132265
942	住吉大社	34.6127972	135.4929406
943	枚岡神社	34.6699515	135.6506858
944	磐船神社	34.747804	135.693189
945	露天神社	34.699304	135.500829
946	天照大神高座神社	34.6126522	135.6401233
947	岩戶神社	32.7377713	131.3532381
948	石切劍箭神社	34.6821892	135.646285
949	勝鬘院	34.657395	135.512582
950	大阪天滿宮	34.6960608	135.5126167
951	難波神社	34.6788429	135.4999007
952	今宮戎	34.6553476	135.5024773
953	三島神社	35.724692	139.786147
954	犬鳴山七寶瀧寺	34.3383528	135.3877779
955	大鳥大社	34.5366519	135.4594115
956	戎橋筋	34.6690539	135.5012962
957	日本殺陣道協會	34.6743122	135.4970512
958	堀越陶房	34.650259	135.51382
959	山本能樂堂	34.6839489	135.5149941
960	杯麵博物館	35.509853	139.6145449
961	天神橋筋商店街	34.710555	135.511243
962	JR 大阪車站	34.7024854	135.4959506
963	唐吉訶德梅田本店	34.703224	135.5009455
964	大阪松竹座	34.6683966	135.5008409
965	千日前道具屋筋商店街	34.6637866	135.5035586
966	上方浮世繪館	34.6679548	135.5021593
967	難波八阪神社	34.6616246	135.4966915
968	湊町廣場	 	 
969	日本橋	35.6804104	139.7716528
970	三角公園	34.6720876	135.4979048
971	天王寺車站	34.6478416	135.5132226
972	鶴橋車站	34.6662084	135.5304743
973	御幸通商店街	34.830436	134.692224
974	全興寺	34.6232993	135.555393
975	日本環球影城	34.665442	135.4323382
976	舞洲垃圾處理場	34.6656272	135.406611
977	平尾本通商店街	34.6399162	135.4709405
978	住吉大社	34.6127972	135.4929406
979	花博紀念公園	34.8068217	135.5301405
980	鶴見綠地	34.710494	135.579996
981	難波劇場花月	34.6649869	135.5036556
982	臨空城	34.4131218	135.2967617
983	杯麵發明紀念館	34.817981	135.426712
984	吹田工廠	34.7616219	135.5201319
985	三得利山崎釀酒廠	34.8923552	135.6744151
986		 	 
987		 	 
988		 	 
989		 	 
990		 	 
991		 	 
992		 	 
993		 	 
994		 	 
995		 	 
996		 	 
997		 	 
998		 	 
999		 	 
1000		 	 
1001		 	 
